{
  "armor":[
      {
        "name": "Armure en fer brossé",
        "description": "",
        "image": "/component/img/armure/armure.jpg",
        "price": "200",
        "stock": "5",
        "id":"1"
      },
      {
        "name": "Armur dorée",
        "description": "",
        "image": "/component/img/armure/armor3.png",
        "price": "200",
        "stock": "6",
        "id":"2"
      },
      {
        "name": "Armure en fer brossé",
        "description": "",
        "image": "/component/img/armure/armure3.jpg",
        "price": "200",
        "stock": "2",
        "id":"3"
      },
      {
        "name": "Armure en fer brossé",
        "description": "",
        "image": "/component/img/armure/armor2.webp",
        "price": "200",
        "stock": "9",
        "id":"4"
      }
    ],
    "sword":[
      {
        "name": "Sword",
        "description": "",
        "image": "/component/img/sword/sword5.webp",
        "price": "200",
        "stock": "5",
        "id":"1"
      },
      {
        "name": "Sword",
        "description": "",
        "image": "/component/img/sword/sword2.png",
        "price": "200",
        "stock": "1",
        "id":"2"
      },
      {
        "name": "Sword",
        "description": "",
        "image": "/component/img/sword/sword3.png",
        "price": "200",
        "stock": "4",
        "id":"3"
      },
      {
        "name": "Sword",
        "description": "",
        "image": "/component/img/sword/sword4.png",
        "price": "200",
        "stock": "1",
        "id":"4"
      }
    ],
    "spear":[
      {
        "name": "Spear",
        "description": "",
        "image": "/component/img/spear/spear5.png",
        "price": "200",
        "stock": "10",
        "id":"1"
      },
      {
        "name": "Spear",
        "description": "",
        "image": "/component/img/spear/spear2.webp",
        "price": "200",
        "stock": "3",
        "id":"2"
      },
      {
        "name": "Spear",
        "description": "",
        "image": "/component/img/spear/spear3.png",
        "price": "200",
        "stock": "7",
        "id":"3"
      },
      {
        "name": "Spear",
        "description": "",
        "image": "/component/img/spear/spear4.png",
        "price": "200",
        "stock": "1",
        "id":"4"
      }
    ],
    "shield":[
      {
        "name": "Bouclier en Pierre de Lune",
        "description": "",
        "image": "/component/img/bouclier/bouclier5.png",
        "price": "200",
        "stock": "10",
        "id":"1"
      },
      {
        "name": "Vieux bouclier",
        "description": "",
        "image": "/component/img/bouclier/Bouclier2.png",
        "price": "200",
        "stock": "7",
        "id":"2"
      },
      {
        "name": "Bouclier de Stalhrim",
        "description": "",
        "image": "/component/img/bouclier/Bouclier3.png",
        "price": "200",
        "stock": "4",
        "id":"3"
      },
      {
        "name": "Bouclier d'Hylia",
        "description": "",
        "image": "/component/img/bouclier/bouclier4.webp",
        "price": "200",
        "stock": "2",
        "id":"4"
      }
    ]
}